Word,Frequency
Tandoori,2
Maggi,1
PRO,1
MAXğŸ”¥ğŸ”¥.Watch,1
the,42
full,5
video,5
on,16
my,9
YouTube,3
channel.,3
Link,3
is,19
in,21
bioğŸ¤—ğŸ¤—.#Foodieincarnate,2
#reelitfeelit,2
#reelkarofeelkaro,4
#reelsinstagram,4
#reels,5
#maggi,1
#masalamaggi,1
#streetfood,15
#indianstreetfood,14
North,1
Indian,5
ThaIi,1
goalsğŸ˜ğŸ˜,1
Can,1
you,19
finish,1
it,6
alone??ğŸ˜‹ğŸ˜‹.Had,1
at,11
Sugar,2
n,1
Spice,1
Ahmedabad.,1
Priced,1
Rs,1
"1249,",1
had,1
like,2
40,1
dishes,2
it.,1
Taste,1
of,26
most,2
was,2
okayish,1
but,2
it's,1
quantity,1
enough,1
for,27
4,2
people.,1
Worth,1
trying,1
once.ğŸ‘ğŸ».#foodieincarnate,1
#sodelhi,13
#newdelhi,3
#foodtalkindia,13
#desifood,2
#delhigram,13
#indianfood,17
#thali,1
#gulabjamun,1
#paneer,1
#ahmedabadfood,1
#ahmedabadfoodie,1
#gujaratifood,2
#biryani,1
#manchurian,1
#papad,1
#lassi,2
#paneertikka,1
#meerutfood,1
#mumbaifoodblogger,5
#indianfoodblogger,13
#delhifoodblogger,4
#northindian,1
#northindianfood,2
#gujju,1
#ahmedabadblogger,1
#platter,1
#indianfoodie,3
#thingstodoinmumbai,1
#indiancuisine,1
Man,1
Selling,1
Sandwich,2
his,1
Bullet,1
BikeğŸ˜±ğŸ˜±Kindly,1
watch,2
"location,",2
price,3
&,4
other,2
detailsğŸ¤—ğŸ¤—.#foodieincarnate,2
#foodgasm,12
#foodporn,12
#foodpornshare,2
#foodlover,2
#foodgram,2
#foodiesofinstagram,12
#foodie,14
#delhistreetfood,12
#streetfoodindia,3
#mumbaistreetfood,6
#delhifoodie,14
#foodblogger,14
#desikhana,12
#indianfoodbloggers,12
#delhifood,12
#mumbai,2
#delhi,13
#bullet,1
#sandwich,3
Mohanthal,1
Making,1
Huge,1
QuantityğŸ¤©ğŸ¤©.Watch,1
,4
#Reelitfeelit,2
#mohanthal,1
#diwaliseason,1
#mithai,1
PINK,1
PANTHER,1
DOSA,1
RaipurğŸ†ğŸ˜±.Watch,1
bioğŸ¤—ğŸ¤—.#foodieincarnate,1
#dosa,1
#southindianfood,1
#beetroot,1
#raipur,1
#Collaboration,1
Aapne,1
abhi,1
tak,1
Original,1
whisky,5
pee,1
ya,1
nahi?,1
Nahi,1
samjhe?,1
Toh,1
jaldi,1
se,1
No1,1
shop,2
pe,1
lage,1
QR,1
code,1
ko,1
scan,1
kijiye,1
aur,2
jaan,1
jaiye!#McDowellsNo1,1
#ChooseOriginal,1
#NayiNo1,1
#WhiskykaOriginalTaste#DrinkResponsibly,1
#Ad,2
Most,1
awaited,1
festival,1
year,1
here!,1
Start,1
your,22
journey,1
with,10
@airtelpaymentsbank,1
this,9
festive,1
season,2
and,29
gift,2
DigiGold,2
to,36
friends,4
family.,1
With,1
Airtel,1
Payments,1
"Bank,",1
can,5
buy,2
starting,1
Re.1.,1
The,3
gold,2
purchased,1
by,3
customers,1
stored,1
securely,1
SafeGold,1
ensuring,1
that,4
safe.,1
So,1
what,3
are,5
waiting,1
for?,1
Download,1
#airtelThanks,1
App,1
today,1
follow,1
simple,1
steps,1
open,3
savings,1
account,1
#DigiGold...Wishing,1
family,2
a,36
very,1
Happy,3
Diwali!..#FoodieIncarnate,1
#DigiGold,1
#airtelThanksApp,1
#AirtelPaymentsBank,1
#KhushiyaanDoubleKare,1
Diwali,4
almost,1
"here,",1
still,1
wondering,1
loved,2
ones?,1
Head,1
over,2
@amazondotin,1
get,2
up,5
50%,1
off,1
grocery,2
daily,1
essentials!,1
Today,1
last,1
day.,1
Hurry!,1
Make,1
#AmazonGreatIndianFestival,2
.,1
Unbox,1
"#BoxesofHappiness,",1
make,6
sure,3
they,1
filled,1
all,6
favourite,2
items.,1
It,2
could,2
be,5
"chocolates,",1
cooking,1
"essentials,",1
wafers,1
much,1
more.,1
You,1
from,4
convenience,1
home,3
enjoy,2
safe,1
fast,1
deliveries.Customers,1
avail,1
150,2
back,3
orders,2
worth,2
Rs1000,1
their,4
1st,2
order,2
Amazon,2
Fresh,5
Rs1200,1
ontheir,1
Pantry.,1
Additional,1
benefits,1
through,1
bank,1
offers,1
also,1
available.ğŸ¤—ğŸ¤—.#foodieincarnate,1
#GroceriesOnAmazon,1
#BoxesOfHappiness,1
#diwaligift,1
#diwalishopping,1
#diwalioffer,1
#diwalioffers,1
#diwalidiscount,1
#diwalihamper,1
#amazon,1
#amazonindia,1
#happydiwali,1
Bachpan,1
ka,1
Pyaar,2
Cotton,1
CandyğŸ¤©ğŸ¤©,1
14,1
Different,1
FlavoursğŸ˜±ğŸ˜±Kindly,1
#nagpur,1
#cottoncandy,1
One,1
best,2
Chaap,1
Rolls,1
Delhi-NCRâ¤ğŸ‘ŒğŸ».ğŸ“Khanna,1
"Junction,",1
Krishna,1
Nagar.#Foodieincarnate,1
#streefood,1
#chaap,1
#kathiroll,1
#LetsTalk,3
#SouthIndianCuisineğŸ¤¤ğŸ˜,1
Think,1
"crispÂ dosas,",1
melt-in-mouthÂ idlisÂ soaked,1
hotÂ sambarÂ and,1
fragrant,1
fish,1
curries,1
crackling,1
mustard,1
seeds,1
curry,1
leaves.,1
Hereâ€™s,1
list,2
places,1
capital,1
head,1
some,5
yummm,1
South,1
food!Comment,1
tell,3
us,8
go-to,1
places.,1
ğŸ•µğŸ»â€â™€ï¸,1
@bluemoonginofc,1
Pomegranate,3
Gin,2
Punch,2
ğŸ˜âœ¨Throwing,1
party,3
Diwali?,1
Stir,1
super,2
yum,1
Blue,3
Moon,3
see,1
do,3
wonders,1
reputation,1
as,1
host!,1
Here's,1
how,2
prep,1
-Â Ingredients,1
{Serves,1
6}:1.,1
240ml,2
GinÂ 2.,1
270ml,1
tonic,1
waterÂ 3.,1
pomegranate,4
juiceÂ 4.,1
90ml,1
freshly,1
squeezed,1
lime,1
juiceÂ 5.,1
arils6.,1
Lemon,1
wheel7.,1
Rosemary,1
sprigs,1
garnishDirection:1.,1
Put,2
ice,1
cubes,1
into,2
punch,2
"bowl,",1
pour,1
juice,1
arils.2.,1
Pour,1
"gin,",1
then,1
tonic.3.,1
Squeeze,1
lemon,2
juice.4.,1
wheels,1
moreÂ pomegranate,1
arils,2
bowl.Â Stir,1
few,2
times,1
combine.5.,1
Serve,1
rosemary,1
sprig,1
popped,1
sprinkled,1
top,2
glass.,1
wait,2
"over,",1
WEâ€™RE,1
BACK!,1
â€¨ğŸ¸ğŸ¸â€¨,1
Get,2
ready,1
paint,1
town,1
"â€˜ginâ€™,",1
@GinExplorersClub,1
Festival,1
making,1
its,1
way,1
Delhi,1
December!If,1
youâ€™re,2
brand,1
looking,1
experiential,1
"integrations,",1
hit,1
sponsorships,1
anjali@foodtalkindia.com.Canâ€™t,1
â€˜ginningâ€™,1
ğŸ˜‰ğŸ¸,1
#HangoverCuresÂ ğŸ’€Feeling,1
little,1
rough,1
after,1
wild,1
weekend?,1
Well,1
post,1
need,3
bookmark!Comment,1
hangover,1
cures,1
guys,1
swear,1
by.ğŸ¤ª,1
#HotFind,2
@balblairwhiskySay,1
hello,2
Balblair,4
"12YO,",1
15YO,1
18YO,1
single,2
malt,2
Scotch,2
"whisky,",1
an,3
exciting,2
new,3
range,2
Distillery,1
-,15
exclusively,1
premium,1
thatâ€™s,5
stunning,1
companion,1
lovers!,1
Which,1
these,3
would,1
try,1
first?,1
ğŸ¥ƒ,2
A,2
gem,1
every,1
"enthusiast,",1
brilliantly,1
complex,1
balanced,1
definitely,2
become,1
our,4
"Founder,",1
@shuchirsuri.@balblairwhisky,1
rare,1
always,1
been,1
driven,1
idea,1
being,2
made,1
slow,1
pace,1
sticking,1
distilleryâ€™s,1
ethos,1
prioritising,1
quality,1
quantity.,1
taste,1
"yourself,",1
want,1
reserve,1
spot,1
one,3
bar!,1
#PartySnacksğŸ¤¤ğŸ˜Good,1
food,2
means,1
happier,1
guests,1
mean,1
better,4
"mingling,",1
which,1
makes,1
parties.,1
Itâ€™s,1
basically,1
science.,1
ğŸ˜‰ğŸ˜‚So,1
hereâ€™s,2
thatâ€™ll,2
come,1
handy!,1
ğŸ™‹ğŸ»â€â™€ï¸,1
GIVEAWAY,1
ALERT!,1
This,1
giveaway,1
going,2
â€˜Strongâ€,1
one!,1
3,3
lucky,1
ones,1
will,1
bring,1
6-pack,1
ğŸº,2
owlsome,1
collection,2
White,2
Owl,3
merchandise!,1
Gear,1
weekend,1
chilled,1
companion!All,1
have,2
do:â€¢,1
Follow,37
@whiteowlbrewery,1
ğŸ¦‰â€¢,1
Name,1
2,1
flavour,1
notes,1
Spike,3
ğŸ’ªğŸ¼â€¢,1
Tag,3
fellow,1
beer,2
lover,2
ğŸ»P.S.1.,1
Contest,2
residents,1
"Delhi,",1
"Gurugram,",1
"Bangalore,",1
"Mumbai,",1
"Pune,",1
Goa.2.,1
closes,1
midnight,1
"Saturday,",1
30th,1
October,1
For,2
hold,1
â€˜Strong',1
love,4
"beer,",1
that's,1
bound,1
even,1
Stronger!,1
ğŸ’ªSay,1
India's,1
first,2
Strong,3
Craft,1
Beer,1
yet,1
Smooth!,1
(Let's,1
just,1
say,1
answer,1
those,1
'strong',1
cravings),1
ğŸ˜‰Strongly,1
Delicious,1
or,2
Deliciously,1
Beer?@whiteowlbrewery,1
#DiwaliParty,2
âœ¨Itâ€™s,1
thing,2
host,2
house,2
"party,",1
UltimateÂ house,1
party--,1
takes,1
refined,1
skills.,1
Lucky,1
"you,",1
ourÂ hosting,1
tips,1
easy,3
toÂ throw,1
fun,1
party.Â ğŸ˜Comment,1
below,4
more,5
such,1
brands,1
game!ğŸ˜‰,1
Whatâ€™s,3
sandwich,2
spots?ICYMI:,1
Check,1
out,1
Essential,1
Guide,1
#foodfavesOn,1
menuğŸ¥ªğŸ˜‹â€¦.@parisibakerynyc,1
@faiccosnyc,1
@sergimmo,1
@milanomarketnyc,1
@murrayscheese,1
@katzsdeli,1
@numpangkitchen,1
@cafehabana,1
@cheekysandwiches,1
@doublechickenpleasenyc,1
@wichcraft,1
@cochonbutchernola,1
@duckfatmaine,1
@konbi,1
@masterpiecedeli,1
@spreadandco,1
@stackedsandwichshop,1
@eggslut,1
@publicanquality,1
@secret_sandwich_society,1
@hattiebs,1
_#food,2
#foodguides,1
#nationalsandwichday,2
#sandwichporn,2
#nationalnachoday,1
ğŸ§€ğŸŒ¶ğŸ¥‘,1
favorite,1
Nacho,2
spot?Drop,1
nomination,1
ğŸ‘‡ğŸ¼_#food,1
#comfortfood,1
#nachos,1
#foodfaves,5
FYI,1
Fridayâ€™s,1
#birratacos,1
ğŸŒ®,1
ğŸ“¸,3
@cookingwithcocktailrings,1
#tacos,1
#mexicanfood,1
#newyorkcity,5
@desigalli,1
ğŸ›Owner,1
PriaVanda,1
her,1
husband,1
created,2
restaurant,1
satisfy,1
Desi,2
(Indian,1
sub-continent,1
diaspora),1
hankering,1
soul,1
food.,1
Galli,1
specializes,1
fresh,2
Street,1
Food,1
right,1
kitchen,1
you.,1
#diwali2021,1
If,1
sâ€™more,1
"sandwich,",1
sâ€™more?,1
@kraftjetpuffed,1
#JetPuffedSmoagie,1
@alidoronyc,1
available,2
@goldbelly,1
ğŸ˜‹,1
ğŸ¥´?,1
Drop,1
thoughts,1
comments,1
â¬‡ï¸,2
#foodculture,1
Cheers,1
@anassagroup,1
opening,1
location,1
downtown.,1
perfect,2
place,1
Saturday,1
date,1
night,1
ğŸ’‹,1
_,1
#foodscene,1
#food,6
#heresmyfood,1
#greek,1
#mediterraneanfood,1
#restaurantopenings,1
Want,1
take,1
guac,1
next,1
level?,1
Go,1
beyond,1
cilantro,1
flavorful,1
Herb,1
#Guacamole,1
Hass,1
#Avocados,1
ğŸ¥‘,1
8,1
Whole,4
#Mint,1
leaves,2
ğŸŒ¿8,1
#Basil,1
ğŸŒ±8,1
#Tarragon,1
Leaves,2
ğŸƒ15,1
#Cilantro,1
ğŸŒ¿1,1
#Serrano,1
Chili,1
ğŸŒ¶,1
Green,1
Onions,1
ğŸ§…Salt,1
Pepper,1
ğŸ§‚,1
Hero,1
day,1
ğŸ™ŒğŸ¥ª,1
@noleftovers,1
Whoâ€™s,1
hero?,1
emâ€™,1
_#foodfaves,1
#italianfood,1
#italiansandwich,1
#oldschool,1
#meltedcheese,1
#sandwichesofinstagram,1
#sandwichlover,1
Might,1
collab,1
yetâ€¦ğŸ¦âœ–ï¸ğŸ«ğŸ”¥,1
@kithtreats,1
Campfire,1
Kith,1
Treats,1
shops,1
till,1
Sunday,1
âœ”ï¸Salted,1
Sâ€™More,1
Swirl,1
âœ”ï¸Earl,1
Grey,1
Teaâœ”ï¸Burnt,1
Marshmallow-Infused,1
Vanilla,1
Ice,1
Cream,1
âœ”ï¸Maldon,1
Sea,1
Salt,1
Flakesâœ”ï¸ğŸ˜‹#icecream,1
#icecreamlover,1
#smores,1
#kithnyc,1
#yum,1
Spooky,1
ğŸƒâ˜•ï¸,1
#latteart,1
#latte,1
#oceanside,1
#pumpkin,1
#malibu,1
#california,1
#farmtotable,1
#coffeelover,1
@malibufarm,1
"Nop,",1
not,1
regretting!!,1
I,6
live,1
food.ğŸ˜ğŸ¤¤Tag,1
someone,1
who,1
spends,1
money,1
food.ğŸ’°,1
.#Pizza,1
#FeelItReelIt,3
#Food_Lunatic,4
#ReelsVideo,1
#ReelsInstagram,1
#Explore,1
#ExplorePage,1
#RelatableMemes,1
#Relatable,1
#FoodBloggers,1
#Money,1
#DelhiFoodBlogger,1
#Delhi,1
#Delhi_igers,1
#All_Shots,1
#Tasty,1
#Delhifoodie,1
#reel,1
#Feelkaroreelkaro,1
Celebrating,1
biggest,1
love-hate,1
relationship,1
today!!ğŸ¤£Happy,1
bhai,1
dooj,1
annoying,1
siblings!!ğŸ¥°,1
too!!ğŸ’©.#tbt,1
#india,1
#delhi_igers,3
#lifestyle,1
#buzzfeedfood,2
#delhidiaries,12
#bhaidooj,1
#siblings,1
#festivals,1
#picoftheday,2
#food_lunatic,3
#foodbloggers,1
#all_shots,2
#love,1
#lovehate,1
#famjam,1
#family,1
Cheese,1
garlic,1
bread,2
recipe.ğŸ¤¤,1
genuinely,1
tastes,1
than,1
dominos,1
duper,1
make.â¤ï¸ğŸ¥°All,1
"butter,",1
crushed,1
"garlic,",1
"oregano,",1
chilli,1
"flakes,",1
slices,1
loads,1
mozzarella,1
cheese.ğŸ˜‹.,1
#soulfood,2
#garlicbread,1
#foodies,1
#tasty,1
#cheese,1
#foodphotography,11
#recipevideo,1
#Recipe,1
#easyrecipe,1
#yummy,1
#foodcoma,1
Me,1
posing,1
diwali,1
photo,1
picture,1
actually,1
diwali.ğŸ¤£Card,1
second,1
about,1
"Diwali,",1
kaju,1
katli,1
course.ğŸ˜‹ğŸ˜œ.HAPPY,1
DIWALI,1
FAM.ğŸª”,1
Lots,1
love!!â¤ï¸#Diwali,1
#Diwali2021,3
Never,1
imagined,1
lanes,1
old,1
Delhi.ğŸ˜ğŸ¤¤Itâ€™s,1
feast,1
@_bake_n_shake_.ğŸŒ¸,1
From,1
thick,1
shakes,1
"pizzas,",1
everything,1
here.â¤ï¸.#buzzfeedfood,1
#chicken,1
#foodlove,1
Coconut,1
laddus,2
using,1
ingredients!ğŸª”Quick,1
#diwali,1
sweet,1
recipe,1
drool!!ğŸ¥°All,1
coconut,1
--,1
250g,2
desiccated,1
coconut-,1
condensed,1
milk-,1
Pinch,1
elaichi,1
powder.#Diwali,1
#Sweets,2
#QuickRecipes,1
#DiwaliVibes,1
#DiwaliSweets,1
Every,1
time,2
fridge,1
days!!ğŸ˜.#Diwali,1
#Laddu,1
#Happiness,1
Please,1
note,1
No,1
maggi,1
were,1
harmed,1
during,1
processâ€¼ï¸.#Maggi,1
Creamy,1
cheesy,1
white,1
sauce,1
pasta,1
favourite.ğŸ¤¤â¤ï¸No,1
points,1
guessing,1
location.ğŸ™ˆ,1
Cute,1
short,1
story,1
life.ğŸ¥².#Reel,1
#Reels,1
#FeelKaroReelKaro,1
@diljitdosanjh,1
Chai,1
Pehla,1
haiğŸ˜â¤ï¸Location,1
Three,1
"Musketeers,Dehradoon...Follow",1
@the.food_cult,46
ğŸ’•.............#delhifoodblogger,1
#foodstagram,10
#mumbaifoodie,3
#delhiblogger,10
#zingyzest,10
#instafood,10
#bhfyp,10
Roller,1
Coaster,1
Ice-CreamğŸ˜â¤ï¸Location,1
Dhani,1
Ram,1
"Kulfi,Geeta",1
Colony...Use,1
#thefoodcult,6
...ğŸš«NO,6
REPOSTğŸš«...Follow,6
ğŸ§¡,36
ğŸ§¡....#delhifoodblogger,6
#trending,2
#explore,1
#icecream,1
Tripple,1
Layered,1
Pasta,1
SandwichğŸ¤¤â¤ï¸Location,1
"Craving,Vivek",1
Vihar,1
...Use,2
#pasta,1
#explorepage,3
#swipeleft,1
pick?ğŸ˜Location,1
Echoes,1
Living,1
"Room,Hudson",1
Lane...Use,1
#pizza,1
#shake,1
Karo,1
Shahi,1
Paneer,1
koğŸ˜â¤ï¸Haule,1
Haule,1
hojyega,1
PyaarğŸ˜…Location,1
"Dlachini,Gurugram",1
Guess,1
karo,1
iska,1
kya,1
hoga?ğŸ˜â¤ï¸Location,1
Top,1
"Burger,",1
Gtb,1
Nagar,1
Metro,2
Gate,1
No.,1
2...Follow,1
ğŸ’•...........#delhifoodblogger,1
Subha,2
Garam,1
Kachori,1
LassiğŸ˜â¤ï¸Location.,1
Gopal,1
"Sweets,Kamla",1
Nagar...Follow,1
ğŸ’•..........#delhifoodblogger,1
#kachori,1
Moonglet,1
PizzağŸ˜â¤ï¸Location,1
Near,3
ITO,1
Metro...Use,1
Potatoes,1
Roasted,1
SandğŸ”¥â¤ï¸location,1
Arogya,1
"Hospital,Chitra",1
Vihar...Use,1
#potato,1
Handi,1
Kadhi,1
Chawal,1
khaye,1
hai,1
kabhi?ğŸ˜Location,1
Kaushambhi,1
Parking...Follow,1
ğŸ¥°...........#delhifoodblogger,1
#exploremore,1
